Net_Name,Net_Pins
0.6V_VREFCA,C36.2 C37.2 C38.2 C39.2 C40.2 C199.2 C200.2 C201.2 C202.2 C271.1 JH8.1 TP11376.1 U9.J1 U10.J1 U11.J1 U12.J1 U13.J1 U34.J1 U35.J1 U36.J1 U37.J1 U38.6
0.6V_VTT,C177.1 C178.1 C180.1 C181.1 C182.1 C183.1 C189.1 C198.1 C221.1 C233.1 C235.1 C250.1 C251.1 JH7.1 R151.2 R152.2 R153.2 R154.2 R155.2 R156.2 R157.2 R158.2 R159.2 R160.2 R170.2 R171.2 R172.2 R173.2 R174.2 R181.2 R182.2 R183.2 R184.2 R185.2 R197.2 R198.2 R199.2 R200.2 R201.2 R213.2 R214.2 R215.2 R220.2 R221.2 TP11374.1 U38.3 U38.5
1.2V,C129.1 C479.1 C525.1 C526.1 C550.1 C556.1 C557.1 C558.1 C559.1 C560.1 C561.1 C564.1 C565.1 C582.1 JH13.1 R212.1 R308.1 TP12199.1 U1.AA9 U1.AB9 U1.AC9 U1.AD9 U1.AE9 U1.AF9 U1.P9 U1.R9 U44.7 U44.8 U44.9 U44.10 U44.11 U44.12
1.2V_AVDDL,C232.1 C248.1 C268.1 C269.1 C270.1 C328.1 C330.1 C331.1 L11.1 L12.1 Q3.1 Q3.2 Q3.5 Q3.6 R212.2 TP12200.1 U15.4 U15.5 U15.12 U15.13
1.2V_AVDDL_PLL,C56.1 C247.1 L12.2 TP11803.1 U15.59
1.2V_DDR,C3.1 C4.1 C5.1 C6.1 C7.1 C16.1 C18.1 C20.1 C22.1 C24.1 C26.1 C34.1 C35.1 C41.1 C44.1 C45.1 C46.1 C47.1 C48.1 C49.1 C50.1 C51.1 C52.1 C53.1 C62.1 C63.1 C64.1 C65.1 C66.1 C67.1 C82.1 C83.1 C92.1 C97.1 C98.1 C105.1 C109.1 C184.1 C185.1 C186.1 C187.1 C190.1 C192.1 C194.1 C196.1 C203.1 C204.1 C208.1 C209.1 C210.1 C211.1 C212.1 C213.1 C214.1 C215.1 C216.1 C219.2 C220.2 C222.1 C223.1 C224.1 C225.1 C226.1 C227.1 C228.1 C229.1 C234.1 C240.1 C241.1 C242.1 C253.1 C254.1 C255.1 C256.1 C257.1 C258.1 C259.1 C260.1 C261.1 C277.1 C280.1 C281.1 C282.1 C283.1 C284.1 C285.1 C286.1 C335.1 C338.1 C339.1 C340.1 C341.1 C342.1 C343.1 C344.1 C393.1 C397.1 C398.1 C399.1 C400.1 C401.1 JH10.1 L4.2 R12.1 R69.1 R251.2 R268.1 R279.1 SH7.2 TP11804.1 U1.AJ21 U1.AJ23 U1.AJ25 U1.AJ27 U1.AJ29 U1.AJ31 U1.AK20 U1.AK22 U1.AK24 U1.AK26 U1.AK28 U1.AK30 U1.AK32 U1.AL21 U1.AL25 U1.AL27 U1.AL29 U1.AL31 U1.AM22 U1.AM24 U1.AM26 U1.AM28 U1.AM30 U1.AM32 U1.AN25 U1.AN27 U1.AN29 U1.AN31 U1.AN33 U1.AN35 U1.AT25 U1.AT27 U1.AT29 U1.AT31 U1.AT33 U1.AT35 U1.AT37 U9.A1 U9.B2 U9.B8 U9.C1 U9.C7 U9.C9 U9.E2 U9.E8 U9.F1 U9.F9 U9.H1 U9.J9 U9.M1 U9.N9 U10.A1 U10.B2 U10.B8 U10.C1 U10.C7 U10.C9 U10.E2 U10.E8 U10.F1 U10.F9 U10.H1 U10.J9 U10.M1 U10.N9 U11.A1 U11.B2 U11.B8 U11.C1 U11.C7 U11.C9 U11.E2 U11.E8 U11.F1 U11.F9 U11.H1 U11.J9 U11.M1 U11.N9 U12.A1 U12.B2 U12.B8 U12.C1 U12.C7 U12.C9 U12.E2 U12.E8 U12.F1 U12.F9 U12.H1 U12.J9 U12.M1 U12.N9 U13.A1 U13.B2 U13.B8 U13.C1 U13.C7 U13.C9 U13.E2 U13.E8 U13.F1 U13.F9 U13.H1 U13.J9 U13.M1 U13.N9 U34.A1 U34.B2 U34.B8 U34.C1 U34.C7 U34.C9 U34.E2 U34.E8 U34.F1 U34.F9 U34.H1 U34.J9 U34.M1 U34.N9 U35.A1 U35.B2 U35.B8 U35.C1 U35.C7 U35.C9 U35.E2 U35.E8 U35.F1 U35.F9 U35.H1 U35.J9 U35.M1 U35.N9 U36.A1 U36.B2 U36.B8 U36.C1 U36.C7 U36.C9 U36.E2 U36.E8 U36.F1 U36.F9 U36.H1 U36.J9 U36.M1 U36.N9 U37.A1 U37.B2 U37.B8 U37.C1 U37.C7 U37.C9 U37.E2 U37.E8 U37.F1 U37.F9 U37.H1 U37.J9 U37.M1 U37.N9 U38.2 U44.1 U44.13
1.2V_DVDDL,C57.1 C246.1 C266.1 C323.1 C325.1 C326.1 L11.2 TP11805.1 U15.20 U15.25 U15.36 U15.42 U15.54
1.2V_PWR_USBPHY,C155.1 C592.1 TP11908.1 U29.17
1.8V,C58.1 C68.1 C69.1 C78.1 C164.1 C244.1 C262.1 C263.1 C265.1 C396.1 C485.1 C495.1 C498.1 C499.1 C501.1 C510.1 C511.1 C521.1 C522.1 C532.1 C533.1 C534.1 C535.1 C543.1 C544.1 C595.1 L1.2 L7.2 L14.2 L16.2 L19.2 R226.1 R274.2 R275.2 R311.1 R312.1 SH3.1 TP11551.1 U1.AA10 U1.AB10 U1.AB12 U1.AB13 U1.AC10 U1.AC11 U1.AC12 U1.AC13 U1.AD10 U1.AD11 U1.AD12 U1.AD13 U1.AE10 U1.AE12 U1.AE13 U1.AF10 U1.L30 U1.M30 U1.P11 U1.P12 U1.P13 U1.P14 U1.R11 U1.R12 U1.R13 U1.R14
1.8V_VAA_DDR_PLL,C287.1 C337.1 C345.1 L14.1 TP11492.1 U1.AJ26
1.8V_VDD18,C484.1 C486.1 C488.1 L16.1 TP11493.1 U1.AK14 U1.AL14
1.8V_VDDPLLPL,C512.1 C513.1 C545.1 C596.1 C597.1 L19.1 TP11483.1 U1.M12 U1.M13 U1.M14
1.8V_VDDPLLPX,C139.1 C150.1 C502.1 C503.1 C536.1 L7.1 TP12201.1 U1.Y12 U1.Y13 U1.Y14
2.5V,C17.1 C19.1 C21.1 C23.1 C25.1 C73.1 C74.1 C75.1 C76.1 C77.1 C191.1 C193.1 C195.1 C197.1 C236.1 C237.1 C238.1 C239.1 C390.1 C391.1 C660.1 C661.1 JH6.1 R288.1 TP11378.1 U9.B1 U9.M9 U10.B1 U10.M9 U11.B1 U11.M9 U12.B1 U12.M9 U13.B1 U13.M9 U34.B1 U34.M9 U35.B1 U35.M9 U36.B1 U36.M9 U37.B1 U37.M9 U39.4 U39.5
3.3V,C10.1 C11.1 C12.1 C14.1 C29.1 C30.1 C31.1 C32.1 C33.1 C42.1 C55.1 C84.1 C117.1 C123.1 C127.1 C128.1 C151.1 C152.1 C160.1 C162.1 C169.1 C188.1 C245.1 C249.1 C267.1 C272.1 C324.1 C327.1 C329.1 C471.1 C472.1 C475.1 C480.1 C517.1 C518.1 C519.1 C520.1 C562.1 C563.1 C568.1 C575.1 C585.1 C590.1 C600.1 C601.1 C609.1 C610.1 C611.1 C612.1 C617.1 C618.1 C667.1 D1.1 D1.4 D2.1 D3.1 D4.1 J5.15 J5.17 JH14.1 L9.1 Q3.4 R1.1 R2.1 R3.1 R4.1 R5.1 R6.1 R7.1 R8.1 R11.1 R13.1 R14.1 R16.1 R17.1 R19.1 R20.1 R24.1 R26.1 R39.1 R44.1 R67.1 R71.1 R72.1 R75.1 R76.1 R79.1 R80.1 R84.1 R87.1 R91.1 R94.1 R107.1 R110.1 R113.1 R117.1 R118.1 R119.1 R120.1 R124.1 R125.1 R127.1 R131.1 R136.1 R139.1 R142.2 R167.2 R168.1 R177.1 R189.1 R190.1 R204.1 R207.2 R208.1 R210.1 R223.1 R224.1 R228.1 R232.1 R233.1 R240.1 R241.1 R242.1 R245.1 R246.1 R247.1 R253.1 R260.1 R262.1 R263.1 R271.1 R277.1 R281.1 R285.1 R286.1 R287.1 R292.1 R294.1 R295.1 R296.1 R302.1 R305.1 R314.1 R327.1 R329.1 R331.1 R332.1 R333.1 R340.1 R341.1 R346.1 R358.2 R365.1 R366.1 R369.1 R373.1 R376.1 R378.1 R380.1 R383.1 R384.1 R386.1 R387.1 R388.1 R400.1 R404.1 TP12202.1 U1.H14 U1.H15 U1.H16 U1.H17 U1.J14 U1.J15 U1.J16 U1.J17 U1.V9 U1.W9 U4.B4 U8.8 U15.1 U15.16 U15.18 U15.30 U15.40 U15.46 U21.10 U21.16 U28.1 U28.8 U29.3 U29.7 U29.9 U29.20 U29.29 U30.1 U30.9 U30.18 U33.C6 U33.E6 U33.F5 U33.J10 U33.K9 U33.M4 U33.N4 U33.P3 U33.P5 U38.10 U40.8 U43.4 U43.5 U44.3 U45.1 U46.5 U48.5
3.3V_AUX,D2.2 F2.2 JH12.1 R141.2 R405.1 TP11540.1 TP11549.1 TP11550.1 TP12361.1 TP12369.1
3.3V_AUX_F,F2.1 J1.B10 TP11844.1
3.3V_CCLK_LVDS,C165.1 L8.1 R127.2 TP12205.1
3.3V_CCLK_LVDS_OCS,C140.1 C161.1 L8.2 R106.1 TP12206.1 U24.6
3.3V_GEN_CLK,C147.1 C159.1 C163.1 C588.1 C604.1 C605.1 C606.1 C616.1 L20.2 R402.1 TP12076.1 U31.4 U31.5 U31.9 U31.16 U31.25
3.3V_GEN_R_CLK,C589.1 L20.1 R365.2 TP12077.1
3.3V_NCSI,J48.27 J48.29 R167.1 TP11807.1
3.3V_PWR_USBPHY,C156.1 C591.1 R357.1 TP12204.1 U29.12
3.3V_QSFP0,C95.1 C388.1 C389.1 C567.1 C666.1 L17.1 L18.2 L21.1 R284.1 R291.1 R337.1 R338.1 R351.1 R368.1 TP12058.1 U41.4 U41.5
3.3V_RCLK_LVDS,C218.1 L10.1 R189.2 TP11668.1
3.3V_RCLK_LVDS_OCS,C43.1 C217.1 L10.2 R202.1 TP11667.1 U14.6
3.3V_RTC_VOUT,C569.1 TP12087.1 U45.9
3.3V_SH,C1.1 C2.1 C8.1 C9.1 C28.1 C179.1 C593.1 C607.1 D2.3 JH1.1 R141.1 R142.1 R344.2 R350.1 R362.1 R363.1 TP11433.1 U2.5 U3.5 U5.5 U6.5 U18.5 U32.5 U47.8
3.3V_USB_OSC,C153.1 C154.1 L9.2 R122.1 TP12208.1 U27.4
3.3V_VCC1_P0,C566.1 C573.1 J4.30 L17.2 TP12055.1
3.3V_VCC_RX_P0,C583.1 C584.1 J4.10 L18.1 TP12057.1
3.3V_VCC_TX_P0,C598.1 C599.1 J4.29 L21.2 TP12056.1
3.3V_VDDA,C166.1 C614.1 C615.1 R402.2 TP12075.1 U31.21
3.3V_VDD_RTC,C478.1 C574.1 R331.2 R344.1 TP12113.1 U42.2 U45.8
3.3V_VIN_CONT,C138.1 C578.1 R95.1 R346.2 TP12303.1 U23.39
3V_DIF_RTC,C436.1 R299.1 TP12373.1 U42.9
3V_RTC_VBAT,C548.1 R299.2 R317.2 TP12088.1 U45.10
3V_VBAT,J50.1 R317.1 TP12209.1
5V,C89.1 C120.1 C137.1 C143.1 C668.1 R63.1 R86.1 R348.1 TP12345.1 U17.4 U20.4 U22.4 U22.5
12V,C59.1 C70.1 C86.1 C93.1 C94.1 C99.1 C100.1 C102.1 C107.1 C108.1 C115.1 C116.1 C131.1 C132.1 C135.1 C136.1 C142.1 C171.1 C231.1 C243.1 C273.1 C276.1 C333.1 C334.1 C394.1 C434.1 C435.1 C438.1 C439.1 C440.1 C482.1 C571.1 C580.1 C587.1 C603.1 C613.1 C626.1 F1.2 J36.2 JH11.1 R300.1 R374.1 R381.1 TP11812.1 TP12047.1 TP12048.1 TP12274.1 TP12378.1 TP12379.1 TP12380.1 TP12381.1 TP12382.1 TP12384.1 U16.10 U16.21 U17.25 U17.26 U17.27 U17.28 U17.29 U17.30 U19.10 U19.21 U20.25 U20.26 U20.27 U20.28 U20.29 U20.30 U22.2 U39.2 U41.2 U43.2
12V_PCIE_IN,F1.1 J1.A2 J1.A3 J1.B1 J1.B2 J1.B3 TP11843.1
ADDR_PMBUS_SVID_CONT,R325.1 R326.1 TP12306.1 U23.34
AD_TEMP_SENS_GW4,R330.2 R339.1 R341.2 R342.2 TP12063.1 U46.4
AGND_1.2V_DDR,C112.1 R85.2 R306.2 SH10.2 U19.2
AGND_5V,C144.2 SH15.1
AG_1.2V_DDR_BST,R307.1 TP11521.1 U19.1
AG_1.2V_DDR_BST_R,C524.1 R307.2 TP11366.1
AG_1.2V_DDR_PH,C524.2 L4.1 R301.1 TP11367.1 U19.20
AG_1.2V_DDR_PH_R,C392.1 R301.2 TP11365.1
AG_1.8V_BST,R66.1 TP11532.1 U16.1
AG_1.8V_BST_R,C321.1 R66.2 TP11605.1
AG_1.8V_PH,C321.2 L1.1 R273.1 TP12389.1 U16.20
AG_1.8V_PH_R,C322.1 R273.2 TP11302.1
AG_PWM,Q2.1 R393.2 TP12042.1 U1.K32
AG_SW_VCORE_P1,C88.1 L2.1 TP12337.1 U17.10 U17.11 U17.12 U17.13 U17.14 U17.15 U17.16 U17.17 U17.18 U17.19
AG_SW_VCORE_P2,C119.1 L5.1 TP12193.1 U20.10 U20.11 U20.12 U20.13 U20.14 U20.15 U20.16 U20.17 U20.18 U20.19
AG_TACH,R382.2 R383.2 TP12346.1 U1.L32
AG_VCORE_PWM1,TP12299.1 U17.34 U23.8
AG_VCORE_PWM2,TP12298.1 U20.34 U23.7
AG_VCORE_RC_SNB_P1,C88.2 R68.1 TP12330.1
AG_VCORE_RC_SNB_P2,C119.2 R89.1 TP12334.1
DDR4_A0,R170.1 U1.AR36 U9.L3 U10.L3 U11.L3 U12.L3 U13.L3 U34.L3 U35.L3 U36.L3 U37.L3
DDR4_A1,R160.1 U1.AU34 U9.L7 U10.L7 U11.L7 U12.L7 U13.L7 U34.L7 U35.L7 U36.L7 U37.L7
DDR4_A2,R152.1 U1.AR38 U9.M3 U10.M3 U11.M3 U12.M3 U13.M3 U34.M3 U35.M3 U36.M3 U37.M3
DDR4_A3,R173.1 U1.AV32 U9.K7 U10.K7 U11.K7 U12.K7 U13.K7 U34.K7 U35.K7 U36.K7 U37.K7
DDR4_A4,R182.1 U1.AU36 U9.K3 U10.K3 U11.K3 U12.K3 U13.K3 U34.K3 U35.K3 U36.K3 U37.K3
DDR4_A5,R172.1 U1.AR35 U9.L8 U10.L8 U11.L8 U12.L8 U13.L8 U34.L8 U35.L8 U36.L8 U37.L8
DDR4_A6,R151.1 U1.AV33 U9.L2 U10.L2 U11.L2 U12.L2 U13.L2 U34.L2 U35.L2 U36.L2 U37.L2
DDR4_A7,R159.1 U1.AR37 U9.M8 U10.M8 U11.M8 U12.M8 U13.M8 U34.M8 U35.M8 U36.M8 U37.M8
DDR4_A8,R153.1 U1.AV34 U9.M2 U10.M2 U11.M2 U12.M2 U13.M2 U34.M2 U35.M2 U36.M2 U37.M2
DDR4_A9,R158.1 U1.AV35 U9.M7 U10.M7 U11.M7 U12.M7 U13.M7 U34.M7 U35.M7 U36.M7 U37.M7
DDR4_A10,R181.1 U1.AR33 U9.J3 U10.J3 U11.J3 U12.J3 U13.J3 U34.J3 U35.J3 U36.J3 U37.J3
DDR4_A11,R155.1 U1.AR34 U9.N2 U10.N2 U11.N2 U12.N2 U13.N2 U34.N2 U35.N2 U36.N2 U37.N2
DDR4_A12,R184.1 U1.AV31 U9.J7 U10.J7 U11.J7 U12.J7 U13.J7 U34.J7 U35.J7 U36.J7 U37.J7
DDR4_A13,R156.1 U1.AP38 U9.N8 U10.N8 U11.N8 U12.N8 U13.N8 U34.N8 U35.N8 U36.N8 U37.N8
DDR4_A14,R199.1 U1.AU30 U9.H2 U10.H2 U11.H2 U12.H2 U13.H2 U34.H2 U35.H2 U36.H2 U37.H2
DDR4_A15,R185.1 U1.AV30 U9.H7 U10.H7 U11.H7 U12.H7 U13.H7 U34.H7 U35.H7 U36.H7 U37.H7
DDR4_A16,R220.1 U1.AR31 U9.H8 U10.H8 U11.H8 U12.H8 U13.H8 U34.H8 U35.H8 U36.H8 U37.H8
DDR4_A17,R157.1 U1.AP35 U9.N7 U10.N7 U11.N7 U12.N7 U13.N7 U34.N7 U35.N7 U36.N7 U37.N7
DDR4_ACT_N,R198.1 U1.AR32 U9.H3 U10.H3 U11.H3 U12.H3 U13.H3 U34.H3 U35.H3 U36.H3 U37.H3
DDR4_ALERT_N,R10.2 R12.2 TP11236.1 U9.L9 U10.L9 U11.L9 U12.L9 U13.L9 U34.L9 U35.L9 U36.L9 U37.L9
DDR4_ALERT_N_R,C230.1 R10.1 TP11792.1 U1.AP36
DDR4_BA0,R171.1 U1.AU32 U9.K2 U10.K2 U11.K2 U12.K2 U13.K2 U34.K2 U35.K2 U36.K2 U37.K2
DDR4_BA1,R174.1 U1.AU35 U9.K8 U10.K8 U11.K8 U12.K8 U13.K8 U34.K8 U35.K8 U36.K8 U37.K8
DDR4_BG0,R183.1 U1.AU31 U9.J2 U10.J2 U11.J2 U12.J2 U13.J2 U34.J2 U35.J2 U36.J2 U37.J2
DDR4_BG1,R200.1 U1.AU33 U9.J8 U10.J8 U11.J8 U12.J8 U13.J8 U34.J8 U35.J8 U36.J8 U37.J8
DDR4_CB0,U1.AU22 U11.C2
DDR4_CB1,U1.AV25 U11.B7
DDR4_CB2,U1.AV22 U11.D3
DDR4_CB3,U1.AU25 U11.D7
DDR4_CB4,U1.AU21 U11.D2
DDR4_CB5,U1.AV26 U11.D8
DDR4_CB6,U1.AV21 U11.E3
DDR4_CB7,U1.AU26 U11.E7
DDR4_CK0_N,C278.1 R219.1 U1.AR27 U9.F8 U10.F8 U11.F8 U12.F8 U13.F8
DDR4_CK0_P,C278.2 R218.1 U1.AR26 U9.F7 U10.F7 U11.F7 U12.F7 U13.F7
DDR4_CK0_TERM,C220.1 R218.2 R219.2
DDR4_CK1_N,C279.1 R216.1 U1.AP27 U34.F8 U35.F8 U36.F8 U37.F8
DDR4_CK1_P,C279.2 R217.1 U1.AP26 U34.F7 U35.F7 U36.F7 U37.F7
DDR4_CK1_TERM,C219.1 R216.2 R217.2
DDR4_CKE0,R197.1 U1.AR30 U9.G3 U10.G3 U11.G3 U12.G3 U13.G3 U34.G3 U35.G3 U36.G3 U37.G3
DDR4_CKE1,R213.1 U1.AU28 U9.G2 U10.G2 U11.G2 U12.G2 U13.G2 U34.G2 U35.G2 U36.G2 U37.G2
DDR4_CS0_N,R201.1 U1.AV29 U9.G7 U10.G7 U11.G7 U12.G7 U13.G7 U34.G7 U35.G7 U36.G7 U37.G7
DDR4_CS1_N,R221.1 U1.AR29 U9.G8 U10.G8 U11.G8 U12.G8 U13.G8 U34.G8 U35.G8 U36.G8 U37.G8
DDR4_DBI_B0,U1.AU9 U13.A7
DDR4_DBI_B1,U1.AP14 U34.A7
DDR4_DBI_B2,U1.AU16 U12.A7
DDR4_DBI_B3,U1.AP21 U35.A7
DDR4_DBI_B4,U1.AK37 U10.A7
DDR4_DBI_B5,U1.AK34 U36.A7
DDR4_DBI_B6,U1.AC37 U9.A7
DDR4_DBI_B7,U1.AC34 U37.A7
DDR4_DBI_B8,U1.AU23 U11.A7
DDR4_DQ0,U1.AU8 U13.C2
DDR4_DQ1,U1.AV11 U13.B7
DDR4_DQ2,U1.AV8 U13.D3
DDR4_DQ3,U1.AU11 U13.D7
DDR4_DQ4,U1.AU7 U13.D2
DDR4_DQ5,U1.AV12 U13.D8
DDR4_DQ6,U1.AV7 U13.E3
DDR4_DQ7,U1.AU12 U13.E7
DDR4_DQ8,U1.AR16 U34.C2
DDR4_DQ9,U1.AR13 U34.B7
DDR4_DQ10,U1.AR17 U34.D3
DDR4_DQ11,U1.AP13 U34.D7
DDR4_DQ12,U1.AP16 U34.D2
DDR4_DQ13,U1.AR12 U34.D8
DDR4_DQ14,U1.AP17 U34.E3
DDR4_DQ15,U1.AP12 U34.E7
DDR4_DQ16,U1.AU15 U12.C2
DDR4_DQ17,U1.AV18 U12.B7
DDR4_DQ18,U1.AV15 U12.D3
DDR4_DQ19,U1.AU18 U12.D7
DDR4_DQ20,U1.AU14 U12.D2
DDR4_DQ21,U1.AV19 U12.D8
DDR4_DQ22,U1.AV14 U12.E3
DDR4_DQ23,U1.AU19 U12.E7
DDR4_DQ24,U1.AR23 U35.C2
DDR4_DQ25,U1.AR20 U35.B7
DDR4_DQ26,U1.AR24 U35.D3
DDR4_DQ27,U1.AP20 U35.D7
DDR4_DQ28,U1.AP23 U35.D2
DDR4_DQ29,U1.AR19 U35.D8
DDR4_DQ30,U1.AP24 U35.E3
DDR4_DQ31,U1.AP19 U35.E7
DDR4_DQ32,U1.AL37 U10.C2
DDR4_DQ33,U1.AH38 U10.B7
DDR4_DQ34,U1.AL38 U10.D3
DDR4_DQ35,U1.AH37 U10.D7
DDR4_DQ36,U1.AM37 U10.D2
DDR4_DQ37,U1.AG38 U10.D8
DDR4_DQ38,U1.AM38 U10.E3
DDR4_DQ39,U1.AG37 U10.E7
DDR4_DQ40,U1.AH35 U36.C2
DDR4_DQ41,U1.AL35 U36.B7
DDR4_DQ42,U1.AG35 U36.D3
DDR4_DQ43,U1.AL34 U36.D7
DDR4_DQ44,U1.AH34 U36.D2
DDR4_DQ45,U1.AM35 U36.D8
DDR4_DQ46,U1.AG34 U36.E3
DDR4_DQ47,U1.AM34 U36.E7
DDR4_DQ48,U1.AD37 U9.C2
DDR4_DQ49,U1.AA38 U9.B7
DDR4_DQ50,U1.AD38 U9.D3
DDR4_DQ51,U1.AA37 U9.D7
DDR4_DQ52,U1.AE37 U9.D2
DDR4_DQ53,U1.Y38 U9.D8
DDR4_DQ54,U1.AE38 U9.E3
DDR4_DQ55,U1.Y37 U9.E7
DDR4_DQ56,U1.AA35 U37.C2
DDR4_DQ57,U1.AD35 U37.B7
DDR4_DQ58,U1.Y35 U37.D3
DDR4_DQ59,U1.AD34 U37.D7
DDR4_DQ60,U1.AA34 U37.D2
DDR4_DQ61,U1.AE35 U37.D8
DDR4_DQ62,U1.Y34 U37.E3
DDR4_DQ63,U1.AE34 U37.E7
DDR4_DQS0_N,U1.AU10 U13.B3
DDR4_DQS0_P,U1.AV10 U13.C3
DDR4_DQS1_N,U1.AP15 U34.B3
DDR4_DQS1_P,U1.AR15 U34.C3
DDR4_DQS2_N,U1.AU17 U12.B3
DDR4_DQS2_P,U1.AV17 U12.C3
DDR4_DQS3_N,U1.AP22 U35.B3
DDR4_DQS3_P,U1.AR22 U35.C3
DDR4_DQS4_N,U1.AJ37 U10.B3
DDR4_DQS4_P,U1.AJ38 U10.C3
DDR4_DQS5_N,U1.AJ34 U36.B3
DDR4_DQS5_P,U1.AJ35 U36.C3
DDR4_DQS6_N,U1.AB37 U9.B3
DDR4_DQS6_P,U1.AB38 U9.C3
DDR4_DQS7_N,U1.AB34 U37.B3
DDR4_DQS7_P,U1.AB35 U37.C3
DDR4_DQS8_N,U1.AU24 U11.B3
DDR4_DQS8_P,U1.AV24 U11.C3
DDR4_MEMRESET_L,R161.1 TP968.1 U1.AL23 U9.L1 U10.L1 U11.L1 U12.L1 U13.L1 U34.L1 U35.L1 U36.L1 U37.L1
DDR4_ODT0,R214.1 U1.AV28 U9.F3 U10.F3 U11.F3 U12.F3 U13.F3 U34.F3 U35.F3 U36.F3 U37.F3
DDR4_ODT1,R215.1 U1.AU29 U9.F2 U10.F2 U11.F2 U12.F2 U13.F2 U34.F2 U35.F2 U36.F2 U37.F2
DDR4_PAR,R154.1 U1.AP37 U9.N3 U10.N3 U11.N3 U12.N3 U13.N3 U34.N3 U35.N3 U36.N3 U37.N3
ETH_1GB_AN,J5.10 U15.3
ETH_1GB_AP,J5.11 U15.2
ETH_1GB_BN,J5.5 U15.8
ETH_1GB_BP,J5.4 U15.7
ETH_1GB_CN,J5.2 U15.11
ETH_1GB_CP,J5.3 U15.10
ETH_1GB_DN,J5.9 U15.15
ETH_1GB_DP,J5.8 U15.14
GND,C1.2 C2.2 C3.2 C4.2 C5.2 C6.2 C7.2 C8.2 C9.2 C10.2 C11.2 C12.2 C13.2 C14.2 C15.2 C16.2 C17.2 C18.2 C19.2 C20.2 C21.2 C22.2 C23.2 C24.2 C25.2 C26.2 C27.2 C28.2 C29.2 C30.2 C31.2 C32.2 C33.2 C34.2 C35.2 C36.1 C37.1 C38.1 C39.1 C40.1 C41.2 C42.2 C43.2 C44.2 C45.2 C46.2 C47.2 C48.2 C49.2 C50.2 C51.2 C52.2 C53.2 C54.2 C55.2 C56.2 C57.2 C58.2 C59.2 C60.2 C62.2 C63.2 C64.2 C65.2 C66.2 C67.2 C68.2 C69.2 C70.2 C73.2 C74.2 C75.2 C76.2 C77.2 C78.2 C79.2 C81.2 C82.2 C83.2 C84.2 C85.2 C86.2 C87.2 C89.2 C90.2 C91.2 C92.2 C93.2 C94.2 C95.2 C96.2 C97.2 C98.2 C99.2 C100.2 C101.2 C102.2 C103.2 C105.2 C107.2 C108.2 C109.2 C110.2 C111.2 C113.2 C114.2 C115.2 C116.2 C117.2 C120.2 C121.2 C122.2 C123.2 C124.2 C125.2 C126.2 C127.2 C128.2 C129.2 C131.2 C132.2 C134.2 C135.2 C136.2 C137.2 C138.2 C140.2 C142.2 C143.2 C145.2 C146.2 C147.2 C148.2 C149.1 C151.2 C152.2 C153.2 C154.2 C155.2 C156.2 C157.2 C158.2 C159.2 C160.2 C161.2 C162.2 C163.2 C164.2 C165.2 C166.2 C169.2 C170.2 C171.2 C177.2 C178.2 C179.2 C180.2 C181.2 C182.2 C183.2 C184.2 C185.2 C186.2 C187.2 C188.2 C189.2 C190.2 C191.2 C192.2 C193.2 C194.2 C195.2 C196.2 C197.2 C198.2 C199.1 C200.1 C201.1 C202.1 C203.2 C204.2 C205.2 C206.2 C207.2 C208.2 C209.2 C210.2 C211.2 C212.2 C213.2 C214.2 C215.2 C216.2 C217.2 C218.2 C221.2 C222.2 C223.2 C224.2 C225.2 C226.2 C227.2 C228.2 C229.2 C230.2 C231.2 C232.2 C233.2 C234.2 C235.2 C236.2 C237.2 C238.2 C239.2 C240.2 C241.2 C242.2 C243.2 C244.2 C245.2 C246.2 C247.2 C248.2 C249.2 C250.2 C251.2 C252.2 C253.2 C254.2 C255.2 C256.2 C257.2 C258.2 C259.2 C260.2 C261.2 C262.2 C263.2 C264.2 C265.2 C266.2 C267.2 C268.2 C269.2 C270.2 C271.2 C272.2 C273.2 C274.2 C276.2 C277.2 C280.2 C281.2 C282.2 C283.2 C284.2 C285.2 C286.2 C287.2 C288.2 C289.2 C290.2 C291.2 C292.2 C293.2 C294.2 C295.2 C296.2 C297.2 C298.2 C299.2 C300.2 C301.2 C302.2 C303.2 C304.2 C305.2 C306.2 C307.2 C308.2 C309.2 C310.2 C311.2 C312.2 C313.2 C314.2 C315.2 C319.2 C322.2 C323.2 C324.2 C325.2 C326.2 C327.2 C328.2 C329.2 C330.2 C331.2 C332.2 C333.2 C334.2 C335.2 C336.2 C337.2 C338.2 C339.2 C340.2 C341.2 C342.2 C343.2 C344.2 C345.2 C346.2 C347.2 C348.2 C349.2 C350.2 C351.2 C352.2 C353.2 C354.2 C355.2 C356.2 C357.2 C358.2 C359.2 C360.2 C361.2 C362.2 C363.2 C364.2 C365.2 C366.2 C367.2 C368.2 C369.2 C370.2 C371.2 C372.2 C373.2 C374.2 C375.2 C376.2 C377.2 C378.2 C379.2 C380.2 C381.2 C382.2 C383.2 C387.2 C388.2 C389.2 C390.2 C391.2 C392.2 C393.2 C394.2 C395.2 C396.2 C397.2 C398.2 C399.2 C400.2 C401.2 C402.2 C403.2 C404.2 C405.2 C406.2 C407.2 C408.2 C409.2 C410.2 C411.2 C412.2 C413.2 C414.2 C415.2 C416.2 C417.2 C418.2 C419.2 C420.2 C421.2 C422.2 C423.2 C424.2 C425.2 C426.2 C427.2 C428.2 C429.2 C430.2 C431.2 C434.2 C435.2 C436.2 C438.2 C439.2 C440.2 C441.2 C442.2 C443.2 C444.2 C445.2 C446.2 C447.2 C448.2 C449.2 C450.2 C451.2 C452.2 C453.2 C454.2 C455.2 C456.2 C457.2 C458.2 C459.2 C460.2 C461.2 C462.2 C463.2 C464.2 C465.2 C466.2 C467.2 C468.2 C469.2 C470.2 C471.2 C472.2 C475.2 C476.2 C477.2 C478.2 C479.2 C480.2 C481.2 C482.2 C483.2 C484.2 C485.2 C486.2 C488.2 C489.2 C490.2 C491.2 C492.2 C493.2 C494.2 C495.2 C496.2 C497.2 C498.2 C499.2 C500.2 C501.2 C504.2 C505.2 C506.2 C507.2 C508.2 C509.2 C510.2 C511.2 C514.2 C515.2 C516.2 C517.2 C518.2 C519.2 C520.2 C521.2 C522.2 C525.2 C526.2 C527.2 C529.2 C530.2 C531.2 C532.2 C533.2 C534.2 C535.2 C537.2 C538.2 C539.2 C540.2 C541.2 C542.2 C543.2 C544.2 C546.2 C547.2 C548.2 C550.2 C551.2 C552.2 C553.2 C554.2 C555.2 C556.2 C557.2 C558.2 C559.2 C560.2 C561.2 C562.2 C563.2 C564.2 C565.2 C566.2 C567.2 C568.2 C569.2 C570.2 C571.2 C572.2 C573.2 C574.2 C575.2 C576.2 C577.2 C578.2 C579.2 C580.2 C581.2 C582.2 C583.2 C584.2 C585.2 C586.2 C587.2 C588.2 C589.2 C590.2 C591.2 C592.2 C593.2 C594.2 C595.2 C598.2 C599.2 C600.2 C601.2 C602.2 C603.2 C604.2 C605.2 C606.2 C607.2 C608.2 C609.2 C610.2 C611.2 C612.2 C613.2 C614.2 C615.2 C616.2 C617.2 C618.2 C626.2 C660.2 C661.2 C666.2 C667.2 C668.2 D3.2 D4.2 D5.2 D6.2 H3.1 H4.1 H5.1 H6.1 J1.A4 J1.A12 J1.A15 J1.A18 J1.A20 J1.A23 J1.A24 J1.A27 J1.A28 J1.A31 J1.A34 J1.A37 J1.A38 J1.A41 J1.A42 J1.A45 J1.A46 J1.A49 J1.A51 J1.A54 J1.A55 J1.A58 J1.A59 J1.A62 J1.A63 J1.A66 J1.A67 J1.A70 J1.A71 J1.A74 J1.A75 J1.A78 J1.A79 J1.A82 J1.B4 J1.B7 J1.B13 J1.B16 J1.B18 J1.B21 J1.B22 J1.B25 J1.B26 J1.B29 J1.B32 J1.B35 J1.B36 J1.B39 J1.B40 J1.B43 J1.B44 J1.B47 J1.B49 J1.B52 J1.B53 J1.B56 J1.B57 J1.B60 J1.B61 J1.B64 J1.B65 J1.B68 J1.B69 J1.B72 J1.B73 J1.B76 J1.B77 J1.B80 J4.1 J4.4 J4.7 J4.8 J4.13 J4.16 J4.19 J4.20 J4.23 J4.26 J4.32 J4.35 J4.38 J36.1 J36.G1 J36.G2 J46.5 J46.6 J46.7 J48.2 J48.8 J48.10 J48.12 J48.14 J48.16 J48.18 J48.25 J50.2 J51.1 J52.1 J53.1 J54.1 J55.4 JP1.2 JP2.1 Q2.2 R9.2 R15.2 R18.2 R23.2 R28.2 R29.2 R42.2 R43.2 R45.1 R46.2 R47.2 R48.2 R51.2 R52.2 R53.2 R54.2 R55.2 R56.2 R68.2 R70.2 R73.2 R88.2 R89.2 R93.2 R99.1 R112.2 R114.2 R126.2 R128.2 R129.2 R133.2 R134.2 R135.1 R140.2 R143.2 R145.2 R146.1 R161.2 R169.2 R175.2 R203.2 R206.2 R209.2 R222.2 R225.2 R234.2 R235.2 R236.2 R237.2 R238.2 R239.2 R244.2 R252.1 R254.2 R258.1 R259.2 R268.2 R269.1 R272.2 R274.1 R275.1 R278.2 R283.2 R284.2 R289.2 R290.2 R293.2 R297.2 R298.2 R303.2 R304.2 R308.2 R309.2 R310.2 R313.2 R315.1 R319.2 R325.2 R339.2 R347.2 R349.2 R354.2 R359.2 R360.2 R361.2 R364.2 R367.2 R372.2 R375.2 R377.2 R389.1 R394.1 R395.1 R396.2 R397.2 R398.2 R399.2 R401.2 R404.2 R405.2 R409.2 SH1.2 SH2.2 SH4.1 SH5.2 SH6.1 SH8.2 SH9.1 SH10.1 SH11.1 SH15.2 SH16.2 TP11326.1 TP11327.1 TP11328.1 TP11552.1 TP11793.1 TP11794.1 TP11798.1 TP11839.1 TP12391.1 TP12392.1 TP12396.1 TP12397.1 TP12398.1 TP12399.1 TP12400.1 TP12401.1 TP12402.1 TP12403.1 TP12404.1 TP12405.1 U1.A9 U1.A10 U1.A11 U1.A12 U1.A13 U1.A14 U1.A15 U1.A16 U1.A17 U1.A18 U1.A19 U1.A20 U1.A21 U1.A22 U1.A23 U1.A24 U1.A25 U1.A26 U1.A27 U1.A28 U1.A36 U1.AA1 U1.AA4 U1.AA5 U1.AA8 U1.AA11 U1.AA16 U1.AA18 U1.AA20 U1.AA22 U1.AA24 U1.AA26 U1.AA28 U1.AA30 U1.AA31 U1.AA32 U1.AA33 U1.AA36 U1.AB1 U1.AB2 U1.AB3 U1.AB4 U1.AB5 U1.AB6 U1.AB7 U1.AB8 U1.AB11 U1.AB14 U1.AB15 U1.AB17 U1.AB19 U1.AB21 U1.AB23 U1.AB25 U1.AB27 U1.AB29 U1.AB30 U1.AB31 U1.AB32 U1.AB33 U1.AB36 U1.AC1 U1.AC4 U1.AC5 U1.AC8 U1.AC14 U1.AC16 U1.AC18 U1.AC20 U1.AC22 U1.AC24 U1.AC26 U1.AC28 U1.AC30 U1.AC31 U1.AC32 U1.AC33 U1.AC36 U1.AD1 U1.AD2 U1.AD3 U1.AD4 U1.AD5 U1.AD6 U1.AD7 U1.AD8 U1.AD14 U1.AD15 U1.AD17 U1.AD19 U1.AD21 U1.AD23 U1.AD25 U1.AD27 U1.AD29 U1.AD30 U1.AD31 U1.AD32 U1.AD33 U1.AD36 U1.AE1 U1.AE4 U1.AE5 U1.AE8 U1.AE11 U1.AE14 U1.AE16 U1.AE18 U1.AE20 U1.AE22 U1.AE24 U1.AE26 U1.AE28 U1.AE30 U1.AE31 U1.AE32 U1.AE33 U1.AE36 U1.AF1 U1.AF2 U1.AF3 U1.AF4 U1.AF5 U1.AF6 U1.AF7 U1.AF8 U1.AF13 U1.AF14 U1.AF15 U1.AF17 U1.AF19 U1.AF21 U1.AF23 U1.AF25 U1.AF27 U1.AF29 U1.AF30 U1.AF31 U1.AF32 U1.AF33 U1.AF34 U1.AF35 U1.AF36 U1.AF37 U1.AF38 U1.AG1 U1.AG4 U1.AG5 U1.AG8 U1.AG10 U1.AG12 U1.AG14 U1.AG16 U1.AG18 U1.AG20 U1.AG22 U1.AG24 U1.AG26 U1.AG28 U1.AG30 U1.AG31 U1.AG32 U1.AG33 U1.AG36 U1.AH1 U1.AH2 U1.AH3 U1.AH4 U1.AH5 U1.AH6 U1.AH7 U1.AH8 U1.AH9 U1.AH11 U1.AH13 U1.AH15 U1.AH17 U1.AH19 U1.AH21 U1.AH23 U1.AH25 U1.AH27 U1.AH29 U1.AH30 U1.AH31 U1.AH32 U1.AH33 U1.AH36 U1.AJ1 U1.AJ4 U1.AJ5 U1.AJ8 U1.AJ10 U1.AJ12 U1.AJ14 U1.AJ16 U1.AJ18 U1.AJ20 U1.AJ28 U1.AJ30 U1.AJ32 U1.AJ33 U1.AJ36 U1.AK1 U1.AK2 U1.AK3 U1.AK4 U1.AK5 U1.AK6 U1.AK7 U1.AK8 U1.AK9 U1.AK10 U1.AK11 U1.AK12 U1.AK15 U1.AK16 U1.AK17 U1.AK18 U1.AK19 U1.AK21 U1.AK23 U1.AK25 U1.AK27 U1.AK29 U1.AK31 U1.AK33 U1.AK36 U1.AL1 U1.AL4 U1.AL5 U1.AL8 U1.AL9 U1.AL10 U1.AL11 U1.AL12 U1.AL15 U1.AL18 U1.AL19 U1.AL20 U1.AL22 U1.AL24 U1.AL26 U1.AL28 U1.AL30 U1.AL32 U1.AL33 U1.AL36 U1.AM1 U1.AM2 U1.AM3 U1.AM4 U1.AM5 U1.AM6 U1.AM7 U1.AM8 U1.AM9 U1.AM10 U1.AM11 U1.AM12 U1.AM13 U1.AM14 U1.AM15 U1.AM16 U1.AM17 U1.AM18 U1.AM19 U1.AM20 U1.AM21 U1.AM23 U1.AM25 U1.AM27 U1.AM29 U1.AM31 U1.AM33 U1.AM36 U1.AN1 U1.AN4 U1.AN5 U1.AN8 U1.AN9 U1.AN10 U1.AN11 U1.AN12 U1.AN13 U1.AN14 U1.AN15 U1.AN16 U1.AN17 U1.AN18 U1.AN19 U1.AN20 U1.AN21 U1.AN22 U1.AN23 U1.AN24 U1.AN26 U1.AN28 U1.AN30 U1.AN32 U1.AN34 U1.AN36 U1.AN37 U1.AN38 U1.AP1 U1.AP2 U1.AP3 U1.AP4 U1.AP5 U1.AP6 U1.AP7 U1.AP8 U1.AP9 U1.AP10 U1.AP11 U1.AP18 U1.AP25 U1.AR1 U1.AR4 U1.AR5 U1.AR8 U1.AR9 U1.AR10 U1.AR11 U1.AR18 U1.AR25 U1.AT1 U1.AT2 U1.AT3 U1.AT4 U1.AT5 U1.AT6 U1.AT7 U1.AT8 U1.AT9 U1.AT10 U1.AT11 U1.AT12 U1.AT13 U1.AT14 U1.AT15 U1.AT16 U1.AT17 U1.AT18 U1.AT19 U1.AT20 U1.AT21 U1.AT22 U1.AT23 U1.AT24 U1.AT26 U1.AT28 U1.AT30 U1.AT32 U1.AT34 U1.AT36 U1.AT38 U1.AU2 U1.AU3 U1.AU4 U1.AU5 U1.AU6 U1.AU13 U1.AU20 U1.AU27 U1.AU37 U1.AV3 U1.AV4 U1.AV5 U1.AV6 U1.AV13 U1.AV20 U1.AV27 U1.AV36 U1.B2 U1.B9 U1.B11 U1.B13 U1.B14 U1.B16 U1.B18 U1.B19 U1.B21 U1.B23 U1.B24 U1.B26 U1.B28 U1.B37 U1.C1 U1.C2 U1.C9 U1.C11 U1.C13 U1.C14 U1.C16 U1.C18 U1.C19 U1.C21 U1.C23 U1.C24 U1.C26 U1.C28 U1.C29 U1.C31 U1.C34 U1.C38 U1.D1 U1.D2 U1.D3 U1.D4 U1.D5 U1.D6 U1.D7 U1.D8 U1.D9 U1.D10 U1.D11 U1.D12 U1.D13 U1.D14 U1.D15 U1.D16 U1.D17 U1.D18 U1.D19 U1.D20 U1.D21 U1.D22 U1.D23 U1.D24 U1.D25 U1.D26 U1.D27 U1.D28 U1.E1 U1.E4 U1.E5 U1.E8 U1.E9 U1.E11 U1.E13 U1.E14 U1.E16 U1.E18 U1.E19 U1.E21 U1.E23 U1.E24 U1.E26 U1.E28 U1.E34 U1.E35 U1.E36 U1.F1 U1.F2 U1.F3 U1.F4 U1.F5 U1.F6 U1.F7 U1.F8 U1.F9 U1.F11 U1.F13 U1.F14 U1.F16 U1.F18 U1.F19 U1.F21 U1.F23 U1.F24 U1.F26 U1.F28 U1.F34 U1.F36 U1.G1 U1.G4 U1.G5 U1.G8 U1.G9 U1.G10 U1.G11 U1.G12 U1.G13 U1.G14 U1.G15 U1.G16 U1.G17 U1.G18 U1.G19 U1.G20 U1.G21 U1.G22 U1.G23 U1.G24 U1.G25 U1.G26 U1.G27 U1.G28 U1.G34 U1.G35 U1.G36 U1.H1 U1.H2 U1.H3 U1.H4 U1.H5 U1.H6 U1.H7 U1.H8 U1.H9 U1.H10 U1.H11 U1.H12 U1.H13 U1.H20 U1.H29 U1.J1 U1.J4 U1.J5 U1.J8 U1.J9 U1.J12 U1.J13 U1.J20 U1.J29 U1.K1 U1.K2 U1.K3 U1.K4 U1.K5 U1.K6 U1.K7 U1.K8 U1.K10 U1.K12 U1.K15 U1.K17 U1.K19 U1.K21 U1.K23 U1.K25 U1.K27 U1.K29 U1.K30 U1.L1 U1.L4 U1.L5 U1.L8 U1.L10 U1.L11 U1.L12 U1.L13 U1.L14 U1.L16 U1.L18 U1.L20 U1.L22 U1.L24 U1.L26 U1.L28 U1.M1 U1.M2 U1.M3 U1.M4 U1.M5 U1.M6 U1.M7 U1.M8 U1.M10 U1.M11 U1.M15 U1.M17 U1.M19 U1.M21 U1.M23 U1.M25 U1.M27 U1.M29 U1.N1 U1.N4 U1.N5 U1.N8 U1.N10 U1.N11 U1.N16 U1.N18 U1.N20 U1.N22 U1.N24 U1.N26 U1.N28 U1.N35 U1.P1 U1.P2 U1.P3 U1.P4 U1.P5 U1.P6 U1.P7 U1.P8 U1.P10 U1.P15 U1.P17 U1.P19 U1.P21 U1.P23 U1.P25 U1.P27 U1.P29 U1.P33 U1.R1 U1.R4 U1.R5 U1.R8 U1.R10 U1.R16 U1.R18 U1.R20 U1.R22 U1.R24 U1.R26 U1.R28 U1.T1 U1.T2 U1.T3 U1.T4 U1.T5 U1.T6 U1.T7 U1.T8 U1.T11 U1.T13 U1.T15 U1.T17 U1.T19 U1.T21 U1.T23 U1.T25 U1.T27 U1.T29 U1.T30 U1.U1 U1.U4 U1.U5 U1.U8 U1.U9 U1.U10 U1.U12 U1.U14 U1.U16 U1.U18 U1.U20 U1.U22 U1.U24 U1.U26 U1.U28 U1.V1 U1.V2 U1.V3 U1.V4 U1.V5 U1.V6 U1.V7 U1.V8 U1.V11 U1.V13 U1.V15 U1.V17 U1.V19 U1.V21 U1.V23 U1.V25 U1.V27 U1.V29 U1.V38 U1.W1 U1.W4 U1.W5 U1.W8 U1.W10 U1.W12 U1.W14 U1.W16 U1.W18 U1.W20 U1.W22 U1.W24 U1.W26 U1.W28 U1.W30 U1.W31 U1.W32 U1.W33 U1.W34 U1.W35 U1.W36 U1.W37 U1.W38 U1.Y1 U1.Y2 U1.Y3 U1.Y4 U1.Y5 U1.Y6 U1.Y7 U1.Y8 U1.Y15 U1.Y17 U1.Y19 U1.Y21 U1.Y23 U1.Y25 U1.Y27 U1.Y29 U1.Y30 U1.Y31 U1.Y32 U1.Y33 U1.Y36 U2.2 U3.2 U4.B3 U5.2 U6.2 U7.2 U7.4 U8.4 U9.A2 U9.A8 U9.A9 U9.C8 U9.D1 U9.D9 U9.E1 U9.E9 U9.G1 U9.H9 U9.K1 U9.K9 U9.N1 U10.A2 U10.A8 U10.A9 U10.C8 U10.D1 U10.D9 U10.E1 U10.E9 U10.G1 U10.H9 U10.K1 U10.K9 U10.N1 U11.A2 U11.A8 U11.A9 U11.C8 U11.D1 U11.D9 U11.E1 U11.E9 U11.G1 U11.H9 U11.K1 U11.K9 U11.N1 U12.A2 U12.A8 U12.A9 U12.C8 U12.D1 U12.D9 U12.E1 U12.E9 U12.G1 U12.H9 U12.K1 U12.K9 U12.N1 U13.A2 U13.A8 U13.A9 U13.C8 U13.D1 U13.D9 U13.E1 U13.E9 U13.G1 U13.H9 U13.K1 U13.K9 U13.N1 U14.3 U15.9 U15.64 U15.65 U16.6 U16.11 U16.12 U16.13 U16.14 U16.15 U16.16 U16.17 U16.18 U17.2 U17.5 U17.7 U17.8 U17.9 U17.20 U17.21 U17.22 U17.23 U17.24 U17.40 U18.2 U19.6 U19.11 U19.12 U19.13 U19.14 U19.15 U19.16 U19.17 U19.18 U20.2 U20.5 U20.7 U20.8 U20.9 U20.20 U20.21 U20.22 U20.23 U20.24 U20.40 U21.13 U21.17 U22.3 U22.9 U23.17 U23.18 U23.20 U23.31 U23.32 U23.41 U24.3 U25.2 U25.4 U26.2 U26.4 U27.2 U28.4 U29.33 U30.25 U31.1 U31.7 U31.8 U31.15 U31.20 U31.26 U31.30 U31.33 U32.2 U33.A6 U33.A13 U33.A14 U33.B13 U33.B14 U33.C4 U33.D4 U33.E1 U33.E2 U33.E3 U33.E7 U33.G5 U33.H10 U33.J5 U33.K8 U33.N1 U33.N2 U33.N5 U33.N13 U33.N14 U33.P1 U33.P2 U33.P4 U33.P6 U33.P13 U33.P14 U34.A2 U34.A8 U34.A9 U34.C8 U34.D1 U34.D9 U34.E1 U34.E9 U34.G1 U34.H9 U34.K1 U34.K9 U34.N1 U35.A2 U35.A8 U35.A9 U35.C8 U35.D1 U35.D9 U35.E1 U35.E9 U35.G1 U35.H9 U35.K1 U35.K9 U35.N1 U36.A2 U36.A8 U36.A9 U36.C8 U36.D1 U36.D9 U36.E1 U36.E9 U36.G1 U36.H9 U36.K1 U36.K9 U36.N1 U37.A2 U37.A8 U37.A9 U37.C8 U37.D1 U37.D9 U37.E1 U37.E9 U37.G1 U37.H9 U37.K1 U37.K9 U37.N1 U38.4 U38.8 U38.11 U39.3 U39.9 U40.4 U40.7 U41.3 U41.9 U42.1 U42.6 U43.3 U43.9 U44.4 U45.7 U46.2 U47.4 U47.7 U47.GND U48.3
GND_ANALOG_1.8V,C80.2 R59.2 R261.1 SH6.2 U16.2
GND_ANALOG_2.5V,C275.2 SH4.2
GND_ANALOG_3.3V,C523.2 SH11.2
GND_ANALOG_3.3V_P0,C474.2 SH9.2
GND_CHASSIS,H7.1 H8.1 J3.3 J3.4 J3.5 J3.6 J3.7 J3.8 J5.GND1 J5.GND2 R169.1 R313.1 TP12374.1
GND_VSSPLLPL,C512.2 C513.2 C545.2 C596.2 C597.2 SH16.1 TP12390.1 U1.A29 U1.A34 U1.B29 U1.B30 U1.B31 U1.B32 U1.B33 U1.B34 U1.N12 U1.N13 U1.N14
GND_VSSPLLPX,C139.2 C150.2 C502.2 C503.2 C536.2 SH2.1 TP12340.1 U1.A3 U1.A8 U1.AA12 U1.AA13 U1.AA14 U1.B3 U1.B8 U1.C3 U1.C4 U1.C5 U1.C6 U1.C7 U1.C8
HS_BF_QSFP0_00N,J4.37 U1.B17
HS_BF_QSFP0_00P,J4.36 U1.C17
HS_BF_QSFP0_01N,J4.2 U1.F17
HS_BF_QSFP0_01P,J4.3 U1.E17
HS_BF_QSFP0_02N,J4.34 U1.C15
HS_BF_QSFP0_02P,J4.33 U1.B15
HS_BF_QSFP0_03N,J4.5 U1.E15
HS_BF_QSFP0_03P,J4.6 U1.F15
HS_QSFP0_BF_00N,J4.18 U1.F10
HS_QSFP0_BF_00P,J4.17 U1.E10
HS_QSFP0_BF_01N,J4.21 U1.B10
HS_QSFP0_BF_01P,J4.22 U1.C10
HS_QSFP0_BF_02N,J4.15 U1.E12
HS_QSFP0_BF_02P,J4.14 U1.F12
HS_QSFP0_BF_03N,J4.24 U1.C12
HS_QSFP0_BF_03P,J4.25 U1.B12
I2C_ARM_SCL0,R305.2 TP12127.1 U1.E31 U40.6 U42.4 U45.2
I2C_ARM_SCL1,R177.2 R179.1 R413.2 TP12295.1 U1.V32
I2C_ARM_SCL1_STAB,R102.1 R109.1 R343.1 R413.1 TP12411.1
I2C_ARM_SDA0,R329.2 TP11425.1 U1.M33 U40.5 U42.5 U45.3
I2C_ARM_SDA1,R180.1 R240.2 R414.2 TP12410.1 U1.D34
I2C_ARM_SDA1_STAB,R100.1 R345.1 R353.1 R414.1 TP12091.1
I2C_FLAT_SCL,J48.23 R178.2 R179.2 TP12000.1
I2C_FLAT_SDA,J48.21 R180.2 R211.2 TP11999.1
I2C_SCL0,JP2.2 R16.2 R192.1 TP12263.1 U1.M32
I2C_SCL1,J4.11 R351.2 TP11977.1 U1.P31
I2C_SCL2,R108.1 R260.2 TP12180.1 U1.H30
I2C_SCL4,R103.1 R113.2 R205.1 TP12364.1 U1.J33 U31.10
I2C_SCL_IS,R108.2 R109.2 R110.2 R412.2 TP12312.1 U28.7
I2C_SCL_MDC_STAB,R41.2 R412.1 TP12409.1
I2C_SCL_TEMP,R103.2 R342.1 R343.2 TP12065.1 U46.1
I2C_SDA0,JP2.3 R17.2 R191.1 TP11853.1 U1.L35
I2C_SDA1,J4.12 R368.2 TP11978.1 U1.M35
I2C_SDA2,R121.1 R376.2 TP12154.1 U1.R32
I2C_SDA4,R101.1 R340.2 R352.1 TP12366.1 U1.N30 U31.11
I2C_SDA_IS,R100.2 R120.2 R121.2 R411.2 TP12408.1 U28.6
I2C_SDA_MDIO_STAB,R27.2 R411.1 TP12406.1 TP12407.1
I2C_SDA_TEMP,R330.1 R352.2 R353.2 TP12064.1 U46.6
I2C_SMCLK_H0,J1.B5 R107.2 TP12176.1 U28.2 U47.6
I2C_SMDAT_H0,J1.B6 R119.2 TP11414.1 U28.3 U47.5
I2C_VRD_SCL,R102.2 R192.2 R205.2 TP12363.1 U23.10
I2C_VRD_SDA,R101.2 R191.2 R345.2 TP12365.1 U23.9
JTAG_LOOP,J1.A6 J1.A7 TP11537.1
JTAG_TCK,R20.2 TP847.1 U1.J30
JTAG_TDI,TP848.1 U1.J31
JTAG_TDO,TP849.1 U1.E33
JTAG_TMS,TP850.1 U1.J32
JTAG_TRST_L,R175.1 TP851.1 U1.M31
L_1.2V_SW_SS,C481.1 TP12323.1 U44.5
L_BUFF_OE_L,R15.1 TP12165.1 U8.1 U8.7
L_FUNCMODE,R207.1 TP11997.1 U1.R31
L_GREEN_LED1_P0,R76.2 R77.1 R259.1 TP12149.1 U1.G29
L_GREEN_LED1_R_P0,D1.2 D5.1 R77.2 TP11651.1
L_HUB_VBUS_DECT,R369.2 TP12095.1 U30.16
L_PHY_LED0_YELLOW,J5.14 R276.1 TP12273.1
L_PHY_LED1_GREEN,J5.18 R266.1 TP12172.1
L_PHY_LED3_YELLOW,J5.16 R265.1 TP12171.1
L_PHY_RJ45_LED1,R72.2 R73.1 R265.2 R276.2 TP12170.1 U15.19
L_PHY_RJ45_LED2,R70.1 R71.2 R266.2 TP12173.1 U15.17
L_TEN,Q1.2 R235.1 TP11755.1 U9.G9 U10.G9 U11.G9 U12.G9 U13.G9 U34.G9 U35.G9 U36.G9 U37.G9
L_TEN_D,Q1.3 R69.2 TP11783.1
L_TERM_A19_C,C172.1 R135.2 TP12123.1
L_TERM_A32_C,C621.1 R395.2 TP11507.1
L_TERM_A33_C,C620.1 R394.2 TP11511.1
L_TERM_A50,C174.2 J1.A50 TP12006.1
L_TERM_A50_C,C174.1 R146.2 TP12007.1
L_TERM_B12_C,C659.2 R409.1 TP11658.1
L_TERM_B17,C175.1 J1.B17 TP11609.1
L_TERM_B17_C,C175.2 R143.1 TP12122.1
L_TERM_B30,C619.1 J1.B30 TP11733.1
L_TERM_B30_C,C619.2 R397.1 TP11784.1
L_TERM_B31,C176.1 J1.B31 TP11513.1
L_TERM_B31_C,C176.2 R126.1 TP11512.1
L_TERM_B48,C173.1 J1.B48 TP11991.1
L_TERM_B48_C,C173.2 R145.1 TP11992.1
L_TERM_B81_C,C167.2 R128.1 TP12019.1
L_TERM_B82,C168.1 J1.B82 TP12017.1
L_TERM_B82_C,C168.2 R129.1 TP12020.1
L_USBPHY_CFG1,R131.2 R401.1 TP11928.1 U29.28
L_USBPHY_CS_L,R389.2 TP12079.1 U29.31
L_USBPHY_FAULT,R358.1 R359.1 TP11898.1 U29.11
L_USBPHY_ID,R357.2 TP11900.1 U29.8
L_USBPHY_PSW,R112.1 TP12184.1 U29.14
L_USBPHY_RREF,R372.1 TP12037.1 U29.5
L_UVPS_A0,R79.2 R297.1 TP11704.1 U40.1
L_UVPS_A1,R80.2 R298.1 TP11703.1 U40.2
L_UVPS_A2,R84.2 R304.1 TP11702.1 U40.3
L_VDD_MODE0,TP12270.1 U1.K34
L_VDD_MODE1,TP12186.1 U1.L34
L_VR_FAULT_L,R94.2 TP12289.1 U23.33
L_YELLOW_LED1_P0,JP1.1 R78.1 R190.2 TP11653.1 U1.D32
L_YELLOW_LED1_R_P0,D1.3 D6.1 R78.2 TP12151.1
L_ZQ_1_L,R55.1 TP12375.1 U13.B9
L_ZQ_2_L,R236.1 TP12370.1 U34.B9
L_ZQ_3_L,R54.1 TP966.1 U12.B9
L_ZQ_4_L,R237.1 TP962.1 U35.B9
L_ZQ_5_L,R52.1 TP964.1 U10.B9
L_ZQ_6_L,R238.1 TP961.1 U36.B9
L_ZQ_7_L,R51.1 TP959.1 U9.B9
L_ZQ_8_L,R239.1 TP960.1 U37.B9
L_ZQ_ECC_L,R53.1 TP965.1 U11.B9
MDC2_ARM,R41.1 R178.1 R232.2 TP11845.1 U1.L31 U15.50
MDIO2_ARM,R26.2 R27.1 R211.1 TP11592.1 U1.V33 U15.51
NC_4PINS_VBUS,J55.1 TP12328.1
NC_CAGE1,J3.1
NC_CAGE2,J3.2
NC_CAGE9,J3.9
NC_CAGE10,J3.10
NC_DDR4_DTO0,TP11777.1 U1.AJ24
NC_DDR_INTERNAL_VREF,TP11774.1 U1.AJ22
NC_GMII_COL,TP12316.1 U15.52
NC_GMII_CRS,TP12321.1 U15.49
NC_GMII_REF_CLK,R23.1 R24.2 TP11594.1 U15.55
NC_JTAG_CSIGHT_TCK,R296.2 TP12159.1 U1.J35
NC_JTAG_CSIGHT_TDI,R286.2 TP12156.1 U1.J34
NC_JTAG_CSIGHT_TDO,R285.2 TP12155.1 U1.H35
NC_JTAG_CSIGHT_TMS,R294.2 TP12157.1 U1.H34
NC_JTAG_CSIGHT_TRST_L,R295.2 TP12158.1 U1.H32
NC_PRBG,TP12179.1 U1.T32
NC_PRBP,TP12178.1 U1.P32
NC_TEN_FET,Q1.1 R254.1 TP12322.1
NC_USBPHY_VBUS,TP12319.1 U29.13
NC_USB_ID,J46.4 TP12188.1
NC_USB_VBUS,J46.1 TP12189.1
NC_VDDHSPX_SENSE,TP11773.1 U1.AF11
NC_VDDHS_SENSE,TP11778.1 U1.N9
NC_VDDIPX_SENSE,TP11775.1 U1.AF12
NC_VDDI_SENSE,TP12286.1 U1.T9
N_FRU_A0,R360.1 R363.2 TP11410.1 U47.1
N_FRU_A1,R361.1 R362.2 TP11411.1 U47.2
N_FRY_A2,R349.1 R350.2 TP11412.1 U47.3
PCIE_BF_CPU_00N,C657.2 J1.A17
PCIE_BF_CPU_00N_C,C657.1 U1.E7
PCIE_BF_CPU_00P,C658.2 J1.A16
PCIE_BF_CPU_00P_C,C658.1 U1.E6
PCIE_BF_CPU_01N,C655.2 J1.A22
PCIE_BF_CPU_01N_C,C655.1 U1.G7
PCIE_BF_CPU_01P,C656.2 J1.A21
PCIE_BF_CPU_01P_C,C656.1 U1.G6
PCIE_BF_CPU_02N,C653.2 J1.A26
PCIE_BF_CPU_02N_C,C653.1 U1.J7
PCIE_BF_CPU_02P,C654.2 J1.A25
PCIE_BF_CPU_02P_C,C654.1 U1.J6
PCIE_BF_CPU_03N,C651.2 J1.A30
PCIE_BF_CPU_03N_C,C651.1 U1.L7
PCIE_BF_CPU_03P,C652.2 J1.A29
PCIE_BF_CPU_03P_C,C652.1 U1.L6
PCIE_BF_CPU_04N,C649.2 J1.A36
PCIE_BF_CPU_04N_C,C649.1 U1.N7
PCIE_BF_CPU_04P,C650.2 J1.A35
PCIE_BF_CPU_04P_C,C650.1 U1.N6
PCIE_BF_CPU_05N,C647.2 J1.A40
PCIE_BF_CPU_05N_C,C647.1 U1.R7
PCIE_BF_CPU_05P,C648.2 J1.A39
PCIE_BF_CPU_05P_C,C648.1 U1.R6
PCIE_BF_CPU_06N,C645.2 J1.A44
PCIE_BF_CPU_06N_C,C645.1 U1.U7
PCIE_BF_CPU_06P,C646.2 J1.A43
PCIE_BF_CPU_06P_C,C646.1 U1.U6
PCIE_BF_CPU_07N,C643.2 J1.A48
PCIE_BF_CPU_07N_C,C643.1 U1.W7
PCIE_BF_CPU_07P,C644.2 J1.A47
PCIE_BF_CPU_07P_C,C644.1 U1.W6
PCIE_BF_CPU_08N,C641.2 J1.A53
PCIE_BF_CPU_08N_C,C641.1 U1.AA7
PCIE_BF_CPU_08P,C642.2 J1.A52
PCIE_BF_CPU_08P_C,C642.1 U1.AA6
PCIE_BF_CPU_09N,C639.2 J1.A57
PCIE_BF_CPU_09N_C,C639.1 U1.AC7
PCIE_BF_CPU_09P,C640.2 J1.A56
PCIE_BF_CPU_09P_C,C640.1 U1.AC6
PCIE_BF_CPU_10N,C637.2 J1.A61
PCIE_BF_CPU_10N_C,C637.1 U1.AE7
PCIE_BF_CPU_10P,C638.2 J1.A60
PCIE_BF_CPU_10P_C,C638.1 U1.AE6
PCIE_BF_CPU_11N,C635.2 J1.A65
PCIE_BF_CPU_11N_C,C635.1 U1.AG7
PCIE_BF_CPU_11P,C636.2 J1.A64
PCIE_BF_CPU_11P_C,C636.1 U1.AG6
PCIE_BF_CPU_12N,C633.2 J1.A69
PCIE_BF_CPU_12N_C,C633.1 U1.AJ7
PCIE_BF_CPU_12P,C634.2 J1.A68
PCIE_BF_CPU_12P_C,C634.1 U1.AJ6
PCIE_BF_CPU_13N,C631.2 J1.A73
PCIE_BF_CPU_13N_C,C631.1 U1.AL7
PCIE_BF_CPU_13P,C632.2 J1.A72
PCIE_BF_CPU_13P_C,C632.1 U1.AL6
PCIE_BF_CPU_14N,C629.2 J1.A77
PCIE_BF_CPU_14N_C,C629.1 U1.AN7
PCIE_BF_CPU_14P,C630.2 J1.A76
PCIE_BF_CPU_14P_C,C630.1 U1.AN6
PCIE_BF_CPU_15N,C627.2 J1.A81
PCIE_BF_CPU_15N_C,C627.1 U1.AR7
PCIE_BF_CPU_15P,C628.2 J1.A80
PCIE_BF_CPU_15P_C,C628.1 U1.AR6
PCIE_CPU_BF_00N,J1.B15 U1.E3
PCIE_CPU_BF_00P,J1.B14 U1.E2
PCIE_CPU_BF_01N,J1.B20 U1.G3
PCIE_CPU_BF_01P,J1.B19 U1.G2
PCIE_CPU_BF_02N,J1.B24 U1.J3
PCIE_CPU_BF_02P,J1.B23 U1.J2
PCIE_CPU_BF_03N,J1.B28 U1.L3
PCIE_CPU_BF_03P,J1.B27 U1.L2
PCIE_CPU_BF_04N,J1.B34 U1.N3
PCIE_CPU_BF_04P,J1.B33 U1.N2
PCIE_CPU_BF_05N,J1.B38 U1.R3
PCIE_CPU_BF_05P,J1.B37 U1.R2
PCIE_CPU_BF_06N,J1.B42 U1.U3
PCIE_CPU_BF_06P,J1.B41 U1.U2
PCIE_CPU_BF_07N,J1.B46 U1.W3
PCIE_CPU_BF_07P,J1.B45 U1.W2
PCIE_CPU_BF_08N,J1.B51 U1.AA3
PCIE_CPU_BF_08P,J1.B50 U1.AA2
PCIE_CPU_BF_09N,J1.B55 U1.AC3
PCIE_CPU_BF_09P,J1.B54 U1.AC2
PCIE_CPU_BF_10N,J1.B59 U1.AE3
PCIE_CPU_BF_10P,J1.B58 U1.AE2
PCIE_CPU_BF_11N,J1.B63 U1.AG3
PCIE_CPU_BF_11P,J1.B62 U1.AG2
PCIE_CPU_BF_12N,J1.B67 U1.AJ3
PCIE_CPU_BF_12P,J1.B66 U1.AJ2
PCIE_CPU_BF_13N,J1.B71 U1.AL3
PCIE_CPU_BF_13P,J1.B70 U1.AL2
PCIE_CPU_BF_14N,J1.B75 U1.AN3
PCIE_CPU_BF_14P,J1.B74 U1.AN2
PCIE_CPU_BF_15N,J1.B79 U1.AR3
PCIE_CPU_BF_15P,J1.B78 U1.AR2
PCIE_PERCLK0N,C622.1 C623.1 U1.A4
PCIE_PERCLK0P,C624.1 C625.1 U1.A5
PCIE_REFCLK0_N,C623.2 J1.A14 R137.1
PCIE_REFCLK0_P,C625.2 J1.A13 R138.1
SE_CCLK,R29.1 TP11831.1 U1.F35
SE_CLK_GEN_GMII_XI,C54.1 R40.1 U7.1 U15.61
SE_CLK_GEN_GMII_XO,R21.2 R40.2 U15.60
SE_CLK_GEN_GMII_XO_R,C27.1 R21.1 U7.3
SE_CLK_GEN_HUB_XI,C158.1 R115.2 U25.3 U30.22
SE_CLK_GEN_HUB_XO,R115.1 R116.2 U30.21
SE_CLK_GEN_HUB_XO_R,C146.1 R116.1 U25.1
SE_CLK_GEN_XI,C149.2 R105.2 U26.1 U31.2
SE_CLK_GEN_XO,R104.2 R105.1 U31.3
SE_CLK_GEN_XO_R,C148.1 R104.1 U26.3
SE_EMMC0_CLK,R38.2 U33.M6 U33.N7 U33.P8
SE_EMMC0_CLK_R,R38.1 U1.R37
SE_EMMC0_CMD,R39.2 U1.T37 U33.M5
SE_EMMC0_D0,R2.2 U1.N38 U33.A3
SE_EMMC0_D1,R3.2 U1.P38 U33.A4
SE_EMMC0_D2,R4.2 U1.R38 U33.A5
SE_EMMC0_D3,R1.2 U1.M38 U33.A1 U33.B2
SE_EMMC0_D4,R6.2 U1.N37 U33.A2 U33.B3
SE_EMMC0_D5,R5.2 U1.M37 U33.B4 U33.C3 U33.D1 U33.D2
SE_EMMC0_D6,R7.2 U1.P37 U33.B5 U33.C5 U33.F1 U33.F2 U33.F3
SE_EMMC0_D7,R11.2 U1.T38 U33.A8 U33.B6 U33.B7
SE_EMMC0_RST_L,R8.2 R9.1 U1.U38 U33.K1 U33.K2 U33.K3 U33.K5
SE_FLAT_UART_RX,J48.30 R147.2 TP11722.1
SE_FLAT_UART_TX,J48.28 R148.2 TP11721.1
SE_GMII_GCLK,R186.2 U15.32
SE_GMII_GCLK_R,R186.1 U1.V34
SE_GMII_RX_CLK,R231.2 U1.P34
SE_GMII_RX_CLK_R,R42.1 R228.2 R231.1 U15.48
SE_GMII_RX_D0,R248.2 U1.R34
SE_GMII_RX_D0_R,R47.1 R246.2 R248.1 U15.44
SE_GMII_RX_D1,R249.2 U1.P35
SE_GMII_RX_D1_R,R48.1 R247.2 R249.1 U15.43
SE_GMII_RX_D2,R250.2 U1.R35
SE_GMII_RX_D2_R,R46.1 R250.1 R262.2 U15.41
SE_GMII_RX_D3,R264.2 U1.N34
SE_GMII_RX_D3_R,R56.1 R263.2 R264.1 U15.39
SE_GMII_RX_D4,R57.2 U1.R36
SE_GMII_RX_D4_R,R57.1 U15.38
SE_GMII_RX_D5,R58.2 U1.P36
SE_GMII_RX_D5_R,R58.1 U15.37
SE_GMII_RX_D6,R64.2 U1.U37
SE_GMII_RX_D6_R,R64.1 U15.35
SE_GMII_RX_D7,R65.2 U1.N36
SE_GMII_RX_D7_R,R65.1 U15.34
SE_GMII_RX_DV,R229.2 U1.R33
SE_GMII_RX_DV_R,R43.1 R229.1 R245.2 U15.45
SE_GMII_RX_ER,R230.2 U1.N33
SE_GMII_RX_ER_R,R230.1 U15.47
SE_GMII_TX_D0,R163.2 U15.21
SE_GMII_TX_D0_R,R163.1 U1.U34
SE_GMII_TX_D1,R33.2 U15.22
SE_GMII_TX_D1_R,R33.1 U1.U35
SE_GMII_TX_D2,R32.2 U15.23
SE_GMII_TX_D2_R,R32.1 U1.T35
SE_GMII_TX_D3,R37.2 U15.24
SE_GMII_TX_D3_R,R37.1 U1.V36
SE_GMII_TX_D4,R35.2 U15.26
SE_GMII_TX_D4_R,R35.1 U1.U36
SE_GMII_TX_D5,R34.2 U15.27
SE_GMII_TX_D5_R,R34.1 U1.T36
SE_GMII_TX_D6,R36.2 U15.28
SE_GMII_TX_D6_R,R36.1 U1.V37
SE_GMII_TX_D7,R31.2 U15.29
SE_GMII_TX_D7_R,R31.1 U1.T34
SE_GMII_TX_EN,R162.2 U15.33
SE_GMII_TX_EN_R,R162.1 U1.V35
SE_GMII_TX_ER,R30.2 U15.31
SE_GMII_TX_ER_R,R30.1 U1.T33
SE_NCSI_ARB_IN,R187.2 TP12256.1 U1.E37 U6.1
SE_NCSI_ARB_IN_CONN,J48.3 R187.1 TP12266.1 U6.4
SE_NCSI_ARB_OUT,R164.2 R176.1 TP11682.1 U32.1
SE_NCSI_ARB_OUT_CONN,J48.5 R164.1 TP11693.1 U6.3 U32.4
SE_NCSI_ARB_OUT_R,R176.2 TP11832.1 U1.G38
SE_NCSI_CLK,R193.2 TP12265.1 U1.C37 U5.1
SE_NCSI_CLK_CONN,J48.1 R193.1 TP12264.1 U5.4
SE_NCSI_CRS_DV,J48.11 R60.1 TP12259.1
SE_NCSI_CRS_DV_R,R60.2 TP12267.1 U1.E38
SE_NCSI_RX_D0,J48.7 R62.1 TP12261.1
SE_NCSI_RX_D0_R,R62.2 TP12269.1 U1.F37
SE_NCSI_RX_D1,J48.9 R61.1 TP12260.1
SE_NCSI_RX_D1_R,R61.2 TP12268.1 U1.D37
SE_NCSI_TX_D0,R188.2 TP11686.1 U1.G37 U3.1
SE_NCSI_TX_D0_CONN,J48.13 R188.1 TP11694.1 U3.4
SE_NCSI_TX_D1,R165.2 TP12255.1 U1.D38 U2.1
SE_NCSI_TX_D1_CONN,J48.15 R165.1 TP11695.1 U2.4
SE_NCSI_TX_EN,R166.2 TP12254.1 U1.F38 U18.1
SE_NCSI_TX_EN_CONN,J48.17 R166.1 TP11690.1 U18.4
SE_SER_CAPTURE,R407.1 TP11510.1 U1.G33
SE_SER_CAPTURE_CONN,C620.2 J1.A33 R407.2 TP11508.1
SE_SER_CLK,R385.1 R386.2 R396.1 R408.1 TP12281.1 U1.K33
SE_SER_CLK_CONN,C621.2 J1.A32 R408.2 TP11506.1
SE_SER_DI,R335.1 R366.2 R367.1 R403.2 TP12251.1 U1.F33
SE_SER_DI_CONN,C659.1 J1.B12 R403.1 TP12368.1
SE_SER_DO,R134.1 R144.1 R333.2 R334.1 TP12153.1 U1.E30
SE_SER_DO_CONN,C172.2 J1.A19 R144.2 TP11611.1
SE_SPI_CLK,TP11699.1 U1.C35 U4.B2
SE_SPI_CS0_L,R13.2 TP11696.1 U1.B36 U4.C2
SE_SPI_IO0,TP11700.1 U1.D35 U4.D3
SE_SPI_IO1,TP11698.1 U1.C36 U4.D2
SE_SPI_IO2,TP11294.1 U1.D36 U4.C4
SE_SPI_IO3,TP11293.1 U1.B35 U4.D4
SE_UART0_BUFF_RXD,R147.1 TP12090.1 U8.5 U21.5
SE_UART0_BUFF_TXD,R148.1 TP12318.1 U8.6 U21.4
SE_UART0_RXD,TP12166.1 U1.C33 U8.3
SE_UART0_TXD,R18.1 R19.2 TP12164.1 U1.M34 U8.2
SE_USBPHY_CLK,R130.1 TP12083.1 U1.L37
SE_USBPHY_CLK_R,R130.2 TP11930.1 U29.27
SE_USBPHY_D0,TP11917.1 U1.H38 U29.2
SE_USBPHY_D1,TP11918.1 U1.K38 U29.1
SE_USBPHY_D2,TP11920.1 U1.J37 U29.32
SE_USBPHY_D3,TP12244.1 U1.L36 U29.30
SE_USBPHY_D4,TP11927.1 U1.K36 U29.26
SE_USBPHY_D5,TP11926.1 U1.J36 U29.25
SE_USBPHY_D6,TP11925.1 U1.H36 U29.24
SE_USBPHY_D7,TP11924.1 U1.H37 U29.23
SE_USBPHY_DIR,R123.1 TP12174.1 U1.J38
SE_USBPHY_DIR_R,R123.2 TP11910.1 U29.18
SE_USBPHY_NXT,R132.1 TP11915.1 U1.K37
SE_USBPHY_NXT_R,R132.2 TP11914.1 U29.22
SE_USBPHY_STP,TP11932.1 U1.L38 U29.21
SE_USB_OSC,R111.2 TP12081.1 U29.15
SE_USB_OSC_R,R111.1 TP12082.1 U27.3
S_0.6V_VTT_EN,C332.1 R74.2 R277.2 TP11375.1 U38.7
S_1.2V_DDR_EN,C101.1 R280.2 R281.2 R282.2 TP11364.1 U19.8
S_1.2V_DDR_FB,R82.2 R83.2 R289.1 TP12362.1 U19.7
S_1.2V_DDR_FB_R,C106.1 R83.1 R279.2 SH7.1 TP12353.1
S_1.2V_DDR_FB_RC,C106.2 R82.1 TP11523.1
S_1.2V_DDR_ILIM,R85.1 TP12111.1 U19.3
S_1.2V_DDR_MODE,R306.1 TP12324.1 U19.4
S_1.2V_DDR_SS,C111.1 C112.2 TP12383.1 U19.5
S_1.2V_SW_EN,R87.2 R90.1 TP12120.1 U44.2
S_1.8V_FB,R49.2 R243.2 R244.1 TP12053.1 U16.7
S_1.8V_FB_R,C71.1 R49.1 R226.2 SH3.2 TP12354.1
S_1.8V_FB_RC,C71.2 R243.1 TP11528.1
S_1.8V_ILIM,R59.1 TP11531.1 U16.3
S_1.8V_MODE,R261.2 TP11601.1 U16.4
S_1.8V_SS,C79.1 C80.1 TP11529.1 U16.5
S_2.5V_EN,C274.1 R253.2 R267.2 TP11629.1 U39.1
S_2.5V_FB,R278.1 R288.2 TP11379.1 U39.6
S_2.5V_SS,C275.1 TP11752.1 U39.8
S_3.3V_EN,R88.1 R300.2 TP12230.1 U43.1
S_3.3V_FB,R314.2 R319.1 TP12106.1 U43.6
S_3.3V_FB_P0,R290.1 R291.2 TP12135.1 U41.6
S_3.3V_SS,C523.1 TP12108.1 U43.8
S_3.3V_SS_P0,C474.1 TP12132.1 U41.8
S_5V_EN,C579.1 R96.2 R327.2 TP11382.1 U22.1
S_5V_FB,R347.1 R348.2 TP11384.1 U22.6
S_5V_SS,C144.1 TP12231.1 U22.8
S_ADDR_CLK_REF,R387.2 TP12212.1 U31.6
S_ARM_NSRST_R_L,R194.1 R241.2 TP12213.1 U1.F32
S_ARM_OOB_RST,R195.1 TP12214.1 U1.G31
S_BOOTR_VCORE_P1,R81.1 U17.32
S_BOOTR_VCORE_P2,R92.1 U20.32
S_BOOT_VCORE_P1,C104.2 TP12332.1 U17.33
S_BOOT_VCORE_P2,C130.2 TP12348.1 U20.33
S_BOOT_VCORE_RC_P1,C104.1 R81.2 TP12331.1
S_BOOT_VCORE_RC_P2,C130.1 R92.2 TP12349.1
S_CCLK_LVDS_N,C141.1 U24.5
S_CCLK_LVDS_OE,R106.2 TP12196.1 U24.1
S_CCLK_LVDS_P,C133.1 U24.4
S_CCLK_N,C141.2 U1.AL16
S_CCLK_P,C133.2 U1.AL17
S_CCLK_SELECT,R222.1 R242.2 TP11740.1 U1.M36
S_CLK_GEN_DIFF0_N,C622.2 U31.14
S_CLK_GEN_DIFF0_P,C624.2 U31.13
S_CLK_GEN_DIFF1_N,R137.2 U31.18
S_CLK_GEN_DIFF1_P,R138.2 U31.19
S_CX_RST_L_R,R390.1 TP11630.1 U48.4
S_FAN_PWM,J36.4 Q2.3 R381.2 R384.2 R393.1 TP12215.1
S_FAN_TACH,C594.1 J36.3 R382.1 TP12216.1
S_GEN_PD,R398.1 TP12073.1 U31.31
S_GMII_RST,C205.1 R14.2 R22.2 R195.2 R196.2 TP11602.1 U15.56
S_HUB_RST_L,C608.1 R324.2 R388.2 TP12394.1 U30.15
S_INT_P0_L,J4.28 R337.2 TP11976.1 U1.H33
S_LDO_GATE,Q3.3 R287.2 TP11595.1 U15.58
S_LPMODE_P0,R336.2 TP12217.1 U1.L33
S_LPMODE_P0_R,J4.31 R336.1 TP12130.1
S_LSET_VCORE_P1,R269.2 TP12357.1 U17.37
S_LSET_VCORE_P2,R315.2 TP12315.1 U20.37
S_MODPRS_P0_L,J4.27 TP12278.1 U1.E32
S_NC_CCLK,R99.2 TP12084.1 U24.2
S_NC_RCLK,R45.2 TP11950.1 U14.2
S_NSRST_ARM_CONN_L,J48.22 R149.2 TP12146.1
S_NSRST_ARM_L,R149.1 R194.2 R196.1 TP12145.1 U1.D30
S_OE_DIFF0_L,R117.2 TP12219.1 U31.12
S_OE_DIFF1_L,R136.2 TP12220.1 U31.17
S_OE_DIFF2_L,R139.2 TP12221.1 U31.24
S_OE_DIFF3_L,R125.2 TP12074.1 U31.29
S_PACK_ID0_CONN,J48.4 R335.2 TP12280.1
S_PACK_ID1_CONN,J48.6 R385.2 TP12360.1
S_PACK_ID2_CONN,J48.24 R334.2 TP12284.1
S_PERST_CONN_L,J1.A11 R406.2 TP12338.1
S_PERST_L,R399.1 R406.1 TP12350.1 U1.F29
S_PGOOD_0.6V_VREF,R392.1 TP12224.1 U38.9
S_PGOOD_1.2V_DDR,R74.1 R75.2 R90.2 TP12387.1 U19.9
S_PGOOD_1.8V,R280.1 TP12386.1 U16.9
S_PGOOD_2.5V,R282.1 TP11820.1 U39.7
S_PGOOD_3.3V,R96.1 TP12107.1 U43.7
S_PGOOD_5V,R98.1 TP12225.1 U22.7
S_PGOOD_ADLY,C602.1 R380.2 R391.2 R392.2 TP11461.1 U48.1
S_PGOOD_SW_1.2V,R391.1 TP12222.1 U44.6
S_PGOOD_VCORE,R50.1 R267.1 R379.1 TP12247.1 U23.12
S_PGOOD_VCORE_BU,R378.2 R379.2 TP11462.1 U48.2
S_PHY_INT_L,R25.2 R233.2 TP12031.1 U15.53
S_PHY_INT_R_L,R25.1 TP12029.1 U1.U31
S_PORT0_PGOOD,R302.2 TP12288.1 U1.V31 U41.7
S_PRSNT_L,C167.1 J1.A1 J1.B81 TP12018.1
S_PWR_EN_PORT0,R303.1 TP12129.1 U1.G30 U41.1
S_RBIAS_USB,R114.1 TP12101.1 U30.24
S_RCLK_LVDS_N,C61.1 U14.5
S_RCLK_LVDS_OE,R202.2 TP11669.1 U14.1
S_RCLK_LVDS_P,C72.1 U14.4
S_RCLK_N,C61.2 U1.A31
S_RCLK_P,C72.2 U1.A30
S_REF_ISET,R234.1 TP12320.1 U15.63
S_REG_1.8V_EN,C60.1 R50.2 R223.2 TP12325.1 U16.8
S_REG_VCORE_EN,C576.1 R95.2 R98.2 TP12367.1 U23.13
S_RESET_P0_L,R328.2 TP11982.1 U1.K31
S_RESET_P0_R_L,J4.9 R328.1 R338.2 TP11975.1
S_RJ45_TRCT1,C206.1 J5.12 TP12027.1
S_RJ45_TRCT2,C207.1 J5.6 TP12028.1
S_RJ45_TRCT3,C477.1 J5.1 TP12026.1
S_RJ45_TRCT4,C476.1 J5.7 TP12025.1
S_RST_CONN,J48.19 R227.2 TP12351.1
S_RSVD_30P_CONN,J48.26 R209.1 R210.2 TP12148.1
S_SOC_HARD_RST_L,R22.1 R227.1 R377.1 R390.2 TP11631.1 U1.T31 U2.6 U3.6 U5.6 U6.6 U18.6 U28.5 U32.6
S_SOFT_RST,R150.1 R168.2 TP12144.1 U1.R30
S_SOFT_RST_CONN,J48.20 R150.2 TP12143.1
S_SS_SEL,R118.2 R364.1 TP12072.1 U31.32
S_STRAP_CFG_SEL,R133.1 R400.2 TP12096.1 U30.14
S_STRAP_CONFIG_ROM1,R271.2 R283.1 TP12336.1 U1.U33
S_STRAP_NON_REM0,R124.2 R354.1 TP12098.1 U30.17
S_STRAP_NON_REM1,R140.1 R332.2 TP12395.1 U30.13
S_STRAP_OSC_FREQ0,R206.1 R208.2 TP12393.1 U1.C32
S_STRAP_OSC_FREQ1,R203.1 R224.2 TP12161.1 U1.A35
S_STRAP_PCI_PART0,R292.2 R293.1 TP11996.1 U1.F30
S_STRAP_PCI_PART1,R67.2 R272.1 TP12228.1 U1.D29
S_STRAP_PCORE0_REVERSAL,R28.1 R44.2 TP12258.1 U1.N31
S_STRAP_SD_MH,R204.2 R225.1 TP12160.1 U1.H31
S_TAO_VCORE,C570.1 R93.1 TP12301.1 U17.36 U20.36 U23.35
S_UART_HUB_RST_L,R318.1 R324.1 TP12339.1 U1.U32
S_UART_RST_L,C126.1 R91.2 R318.2 TP12103.1 U21.3
S_USBPHY_RESET_L,R373.2 TP11913.1 U29.19
S_USB_OSC_EN,R122.2 TP12080.1 U27.1
S_VCC_VCORE_P1,C90.1 R63.2 R270.1 TP12290.1 U17.3
S_VCC_VCORE_P2,C121.1 R86.2 R316.1 TP12292.1 U20.3
S_VCORE_ACSP1_N,C91.1 SH12.2 TP12356.1 U17.39
S_VCORE_ACSP1_P,TP12317.1 U17.38 U23.23
S_VCORE_ACSP2_N,C122.1 SH14.2 TP12359.1 U20.39
S_VCORE_ACSP2_P,TP12305.1 U20.38 U23.24
S_VCORE_P1_EN,R270.2 TP12291.1 U17.35
S_VCORE_P2_EN,R316.2 TP12293.1 U20.35
S_VCORE_SENSE_N,R257.2 TP12233.1 U1.U30
S_VCORE_SENSE_P,R256.1 TP12234.1 U1.V30
S_VDDQPS0,R309.1 R311.2 TP11655.1 U1.J11
S_VDDQPS1,R310.1 R312.2 TP11656.1 U1.J10
S_VINSEN_VCORE,C577.1 R97.2 R374.2 R375.1 TP12302.1 U23.38
S_VINSEN_VCORE_R,R97.1 TP12329.1 U23.37
S_VREF_CONT,C145.1 C586.1 R326.2 SH12.1 SH14.1 TP12307.1 U23.40
S_WAKE_CONN_L,J1.B11 R410.1 TP11539.1
S_WAKE_L,R410.2 TP12229.1 U1.K35
USB_BF_N,R370.2 U29.4 U30.2
USB_BF_P,R371.2 U29.6 U30.3
USB_BYP_DM_N,R355.1 R370.1
USB_BYP_DM_P,R356.1 R371.1
USB_CHOKE_DM_N,L6.2 R320.2 R321.2
USB_CHOKE_DM_P,L6.3 R322.2 R323.2
USB_CON1_DM_N,J46.2 R320.1
USB_CON1_DM_P,J46.3 R322.1
USB_CON2_DM_N,J55.2 R321.1
USB_CON2_DM_P,J55.3 R323.1
USB_CON_T_DM_N,L6.1 R355.2 U30.19
USB_CON_T_DM_P,L6.4 R356.2 U30.20
USB_UART_CONV_DM_N,U21.11 U30.4
USB_UART_CONV_DM_P,U21.12 U30.5
VCC_1.2V,C110.1 TP11343.1 U19.19
VCC_1.8V,C85.1 TP11533.1 U16.19
VCORE,C81.1 C87.1 C96.1 C103.1 C113.1 C114.1 C124.1 C125.1 C134.1 C264.1 C288.1 C289.1 C290.1 C291.1 C292.1 C293.1 C294.1 C295.1 C296.1 C297.1 C298.1 C299.1 C300.1 C301.1 C302.1 C303.1 C304.1 C305.1 C306.1 C307.1 C308.1 C309.1 C310.1 C311.1 C312.1 C313.1 C314.1 C315.1 C319.1 C336.1 C346.1 C347.1 C348.1 C349.1 C350.1 C351.1 C352.1 C353.1 C354.1 C355.1 C356.1 C357.1 C358.1 C359.1 C360.1 C361.1 C362.1 C363.1 C364.1 C365.1 C366.1 C367.1 C368.1 C369.1 C370.1 C371.1 C372.1 C373.1 C374.1 C375.1 C376.1 C377.1 C378.1 C379.1 C380.1 C381.1 C382.1 C383.1 C387.1 C395.1 C402.1 C403.1 C404.1 C405.1 C406.1 C407.1 C408.1 C409.1 C410.1 C411.1 C412.1 C413.1 C414.1 C415.1 C416.1 C417.1 C418.1 C419.1 C420.1 C421.1 C422.1 C423.1 C424.1 C425.1 C426.1 C427.1 C428.1 C429.1 C430.1 C431.1 C441.1 C442.1 C443.1 C444.1 C445.1 C446.1 C447.1 C448.1 C449.1 C450.1 C451.1 C452.1 C453.1 C454.1 C455.1 C456.1 C457.1 C458.1 C459.1 C460.1 C461.1 C462.1 C463.1 C464.1 C465.1 C466.1 C467.1 C468.1 C469.1 C470.1 C483.1 C489.1 C490.1 C491.1 C492.1 C493.1 C494.1 C496.1 C497.1 C500.1 C504.1 C505.1 C506.1 C507.1 C508.1 C509.1 C514.1 C515.1 C516.1 C527.1 C529.1 C530.1 C531.1 C537.1 C538.1 C539.1 C540.1 C541.1 C542.1 C546.1 C547.1 C551.1 C552.1 C553.1 C554.1 C555.1 C572.1 C581.1 JH4.1 L2.2 L3.2 L5.2 L13.2 L15.2 R255.2 TP11325.1 U1.AA15 U1.AA17 U1.AA19 U1.AA21 U1.AA23 U1.AA25 U1.AA27 U1.AA29 U1.AB16 U1.AB18 U1.AB20 U1.AB22 U1.AB24 U1.AB26 U1.AB28 U1.AC15 U1.AC17 U1.AC19 U1.AC21 U1.AC23 U1.AC25 U1.AC27 U1.AC29 U1.AD16 U1.AD18 U1.AD20 U1.AD22 U1.AD24 U1.AD26 U1.AD28 U1.AE15 U1.AE17 U1.AE19 U1.AE21 U1.AE23 U1.AE25 U1.AE27 U1.AE29 U1.AF16 U1.AF18 U1.AF20 U1.AF22 U1.AF24 U1.AF26 U1.AF28 U1.AG9 U1.AG11 U1.AG13 U1.AG15 U1.AG17 U1.AG19 U1.AG21 U1.AG23 U1.AG25 U1.AG27 U1.AG29 U1.AH10 U1.AH12 U1.AH14 U1.AH16 U1.AH18 U1.AH20 U1.AH22 U1.AH24 U1.AH26 U1.AH28 U1.AJ9 U1.AJ11 U1.AJ13 U1.AJ15 U1.AJ17 U1.AJ19 U1.K11 U1.K13 U1.K14 U1.K16 U1.K18 U1.K20 U1.K22 U1.K24 U1.K26 U1.K28 U1.L15 U1.L17 U1.L19 U1.L21 U1.L23 U1.L25 U1.L27 U1.L29 U1.M16 U1.M18 U1.M20 U1.M22 U1.M24 U1.M26 U1.M28 U1.N15 U1.N17 U1.N19 U1.N21 U1.N23 U1.N25 U1.N27 U1.N29 U1.P16 U1.P18 U1.P20 U1.P22 U1.P24 U1.P26 U1.P28 U1.R15 U1.R17 U1.R19 U1.R21 U1.R23 U1.R25 U1.R27 U1.R29 U1.T10 U1.T12 U1.T14 U1.T16 U1.T18 U1.T20 U1.T22 U1.T24 U1.T26 U1.T28 U1.U11 U1.U13 U1.U15 U1.U17 U1.U19 U1.U21 U1.U23 U1.U25 U1.U27 U1.U29 U1.V10 U1.V12 U1.V14 U1.V16 U1.V18 U1.V20 U1.V22 U1.V24 U1.V26 U1.V28 U1.W11 U1.W13 U1.W15 U1.W17 U1.W19 U1.W21 U1.W23 U1.W25 U1.W27 U1.W29 U1.Y16 U1.Y18 U1.Y20 U1.Y22 U1.Y24 U1.Y26 U1.Y28
VDDCPA,C118.1 C487.1 C528.1 L3.1 TP11489.1 U1.AK13
VDDCPA1,C316.1 C317.1 C318.1 C320.1 C384.1 L13.1 TP11495.1 U1.J25 U1.J26 U1.J27 U1.J28
VDDCPA2,C385.1 C386.1 C432.1 C433.1 C473.1 L15.1 TP12137.1 U1.J21 U1.J22 U1.J23 U1.J24
VDDIM_EMMC,C13.1 C15.1 TP11833.1 U33.C1 U33.C2
VDD_SENSE,R255.1 R256.2 SH13.2 TP12309.1
VDD_SENSE_SH,C549.1 SH13.1 TP12169.1 U23.21
VDD_USB_CRFILT,C170.1 TP12249.1 U30.10
VDD_USB_PLLFILT,C157.1 TP12099.1 U30.23
VSSCPA,C118.2 C487.2 C528.2 SH1.1 TP12341.1 U1.AL13
VSSCPA1,C316.2 C317.2 C318.2 C320.2 C384.2 SH5.1 TP12342.1 U1.H25 U1.H26 U1.H27 U1.H28
VSSCPA2,C385.2 C386.2 C432.2 C433.2 C473.2 SH8.1 TP12343.1 U1.H21 U1.H22 U1.H23 U1.H24
VSS_SENSE,C549.2 R257.1 R258.2 TP12310.1 U23.22
VTT_REFIN,C252.1 R251.1 R252.2 TP11373.1 U38.1
